file_name,file_path,timestep_name,energy,zero-point energy,file_comment,light_speed,kB_JKmol,pi,O-H-bond,Subs-bond,H-O-H,H-O-N,torsion1,gork,böp,böps,böpn
benz,/workspaces/python-QMAnalysis/benzene.xyz,init,,,"Benzene molecule (C6H6), planar, idealized geometry",300000000.0,3.86,3.1415,1.0830000000000002,3.875381271565418,140.8374715577235,34.15242352170211,180.0,2212.2045844929416,21.034279566901937,442.44091689858834,442.44091689858834
gurke,/workspaces/python-QMAnalysis/benzene.xyz,transition state,,,"Benzene molecule (C6H6), planar, idealized geometry",300000000.0,3.86,3.1415,1.0830000000000002,2.7920494264966016,140.8374715577235,34.15242352170211,180.0,2212.2045844929416,21.034279566901937,442.44091689858834,442.44091689858834
abcd,/workspaces/python-QMAnalysis/benzene.xyz,,,,"Benzene molecule (C6H6), planar, idealized geometry",300000000.0,3.86,3.1415,1.0830000000000002,2.152589603245356,140.8374715577235,34.15242352170211,180.0,2212.2045844929416,21.034279566901937,442.44091689858834,442.44091689858834
