,file_name,O-H-bond,Subs-bond,H-O-H,H-O-N,torsion1
0,benz,1.0830000000000002,3.875381271565418,140.8374715577235,34.15242352170211,180.0
1,benz2,1.0830000000000002,2.7920494264966016,140.8374715577235,34.15242352170211,180.0
2,benz3,1.0830000000000002,2.152589603245356,140.8374715577235,34.15242352170211,180.0
